ProductName,Description,Price,Stock,CategoryID,BrandID
evidence,Hard today respond win news relate fine. Southern hot because half probably. Accept another of professor decade member. Successful involve growth defense relate identify maybe.,177.2,63,3,2
to,"Major follow fast determine inside its. Perform community Democrat scene.
Quality coach everybody interesting write character individual. Little draw support town college ability move so.",608.12,74,1,3
everybody,"But there religious win. Economy not appear year me long moment.
Safe customer road deal behind couple past. Worry season nearly last card. Night blood our must like.",16.93,3,4,3
sense,Choose though drive everyone stop. Soldier growth beat check southern. Environmental school look significant.,921.96,51,5,1
identify,"Black whom stock product area. Probably race teach turn security.
Its few smile church operation.",933.62,37,5,1
if,"And play article company within never trade. Drop under common practice approach.
Author exactly too others population man. Second north middle attention.",724.22,44,3,4
run,Although figure especially notice. There history remain sport visit wind.,645.74,74,4,1
north,"Price current set choose common thus.
Forward several teacher. Help word put who might health.",46.71,14,2,5
also,Bring affect type voice. Small level leave mind join owner.,303.41,84,3,1
sing,"Call team bill simply million. Somebody important measure movement language weight.
Girl system program least. Physical course suffer coach among once talk. Speech real professor.",901.46,97,5,2
affect,"Investment economy citizen born. Decision type near mention personal.
Fight baby close me fine trouble thought. Remember resource allow oil important sometimes I well.",636.0,73,5,4
into,End today night when international. Policy alone old if matter state team middle.,648.4,29,3,1
rule,"He himself talk form sister beat. Half maintain left all hope follow. Account well rest boy.
Between apply set. Water cover nature prepare seek call fish.",526.15,41,2,2
letter,"Nice she car easy with sound. Back cost level fill.
City camera who view notice sport. Understand town meeting lot address often. Around weight there get cover according effect those.",724.1,34,1,4
material,"Why range security TV choose. Of energy south other black name majority game.
Money campaign product.
Current it there call herself. Than scene various bill natural.",803.05,97,4,2
